{
    "character" : "Victoria 7",
    "parent" : "Genesis 3 Female",
    "scale" : 1,
    "pose" : {
        "hip" : [
            [-1.5708,0,0],
            [0,0,0],
            "YZX"
        ],
        "pelvis" : [
            [-1.5708,0,0],
            [0,0,0],
            "YZX"
        ],
        "lThighBend" : [
            [-1.5624,-0.033452,0.08645],
            [0.64882,4.9505,1.9239],
            "YZX"
        ],
        "lThighTwist" : [
            [-1.5624,-0.033452,0.08645],
            [0.64882,4.9505,1.9239],
            "YZX"
        ],
        "lShin" : [
            [-1.4974,-0.042579,0.17172],
            [4.6306,9.8298,2.476],
            "YZX"
        ],
        "lFoot" : [
            [-2.7315,0,0.25634],
            [23.495,14.687,0],
            "ZYX"
        ],
        "lMetatarsals" : [
            [-2.7315,0,0.25634],
            [23.495,14.687,0],
            "ZYX"
        ],
        "lToe" : [
            [-2.8946,-0.031912,0.25574],
            [14.629,14.645,1.8899],
            "ZYX"
        ],
        "lSmallToe4_2" : [
            [-2.5882,0.14725,0.2802],
            [29.292,15.876,-8.774],
            "ZYX"
        ],
        "lSmallToe3_2" : [
            [-2.6215,0.075783,0.3228],
            [28.346,18.44,-4.5776],
            "ZYX"
        ],
        "lSmallToe2_2" : [
            [-2.6614,0.029757,0.30458],
            [26.975,17.443,-1.7871],
            "ZYX"
        ],
        "lSmallToe1_2" : [
            [-2.7355,0.027047,0.34959],
            [22.701,20.022,-1.6494],
            "ZYX"
        ],
        "lBigToe_2" : [
            [-2.8173,0.026434,0.35583],
            [18.016,20.38,-1.6157],
            "ZYX"
        ],
        "rThighBend" : [
            [-1.5624,0.033452,-0.08645],
            [0.64882,-4.9505,-1.9239],
            "YZX"
        ],
        "rThighTwist" : [
            [-1.5624,0.033452,-0.08645],
            [0.64882,-4.9505,-1.9239],
            "YZX"
        ],
        "rShin" : [
            [-1.4974,0.042579,-0.17172],
            [4.6306,-9.8298,-2.476],
            "YZX"
        ],
        "rFoot" : [
            [-2.7315,0,-0.25634],
            [23.495,-14.687,-1.2239e-06],
            "ZYX"
        ],
        "rMetatarsals" : [
            [-2.7315,0,-0.25634],
            [23.495,-14.687,-1.1049e-06],
            "ZYX"
        ],
        "rToe" : [
            [-2.8946,0.031912,-0.25574],
            [14.629,-14.645,-1.8899],
            "ZYX"
        ],
        "rSmallToe4_2" : [
            [-2.5882,-0.14725,-0.2802],
            [29.292,-15.876,8.774],
            "ZYX"
        ],
        "rSmallToe3_2" : [
            [-2.6215,-0.075783,-0.3228],
            [28.346,-18.44,4.5776],
            "ZYX"
        ],
        "rSmallToe2_2" : [
            [-2.6614,-0.029757,-0.30458],
            [26.975,-17.443,1.7871],
            "ZYX"
        ],
        "rSmallToe1_2" : [
            [-2.7355,-0.027047,-0.34959],
            [22.701,-20.022,1.6494],
            "ZYX"
        ],
        "rBigToe_2" : [
            [-2.8173,-0.026434,-0.35583],
            [18.016,-20.38,1.6157],
            "ZYX"
        ],
        "abdomenLower" : [
            [1.5708,0,0],
            [0,0,0],
            "YZX"
        ],
        "abdomenUpper" : [
            [1.5708,0,0],
            [0,0,0],
            "YZX"
        ],
        "chestLower" : [
            [1.5708,0,0],
            [0,0,0],
            "YZX"
        ],
        "chestUpper" : [
            [1.5708,0,0],
            [0,0,0],
            "YZX"
        ],
        "lCollar" : [
            [0.030527,-0.00093368,-1.5095],
            [0.053704,3.5104,1.7524],
            "XYZ"
        ],
        "lShldrBend" : [
            [1.5855,1.6335,-0.014706],
            [0.052798,-1.6837,-3.592],
            "XYZ"
        ],
        "lShldrTwist" : [
            [1.582,1.6367,-0.011215],
            [0.042367,-1.2845,-3.7781],
            "XYZ"
        ],
        "lForearmBend" : [
            [1.7178,1.5611,-0.14695],
            [-0.085377,-16.84,0.57677],
            "XZY"
        ],
        "lForearmTwist" : [
            [1.7171,1.5594,-0.14626],
            [-0.09947,-16.765,0.67504],
            "XZY"
        ],
        "lHand" : [
            [1.5795,1.5554,-0.0087537],
            [-0.0077183,-1.0014,0.88317],
            "XYZ"
        ],
        "lThumb1" : [
            [-2.7984,-0.97681,0.31121],
            [-17.035,-54.199,-18.781],
            "XZY"
        ],
        "lThumb2" : [
            [-2.574,-0.86741,0.50099],
            [-21.706,-32.865,-24.455],
            "XZY"
        ],
        "lThumb3" : [
            [-2.8095,-0.80315,0.53079],
            [-29.337,-44.151,-18.392],
            "XZY"
        ],
        "lCarpal1" : [
            [-3.0737,0.0086571,1.3174],
            [0.51228,-14.52,-4.0196],
            "XYZ"
        ],
        "lIndex1" : [
            [-3.0422,-0.0214,1.401],
            [2.1939,-9.5578,-5.7729],
            "XYZ"
        ],
        "lIndex2" : [
            [-3.0351,0.0053482,1.4705],
            [0.30798,-5.7472,-6.1297],
            "XYZ"
        ],
        "lIndex3" : [
            [-3.0127,0.0055411,1.4849],
            [0.31871,-4.919,-7.4097],
            "XYZ"
        ],
        "lCarpal2" : [
            [-3.0731,0.0037268,1.4621],
            [0.21481,-6.2298,-3.9458],
            "XYZ"
        ],
        "lMid1" : [
            [-3.095,-0.0077124,1.4973],
            [0.63797,-4.1845,-2.6767],
            "XYZ"
        ],
        "lMid2" : [
            [-2.9871,0.0060944,1.4921],
            [0.35021,-4.5071,-8.8816],
            "XYZ"
        ],
        "lMid3" : [
            [-3.1062,0.00024129,1.5573],
            [0.013694,-0.77458,-2.0257],
            "XYZ"
        ],
        "lCarpal3" : [
            [-3.0673,-0.00055631,1.5858],
            [-0.031923,0.85864,-4.2584],
            "XYZ"
        ],
        "lRing1" : [
            [-3.0538,-0.013423,1.616],
            [0.53869,2.6481,-5.0377],
            "XYZ"
        ],
        "lRing2" : [
            [-3.048,-0.044156,1.5998],
            [2.3638,1.8912,-5.3604],
            "XYZ"
        ],
        "lRing3" : [
            [-3.0565,-0.00082861,1.5903],
            [-0.047679,1.1195,-4.8772],
            "XYZ"
        ],
        "lCarpal4" : [
            [0.096208,-3.1333,-1.4],
            [-0.47934,9.7881,-5.5937],
            "XYZ"
        ],
        "lPinky1" : [
            [0.076413,-3.1188,-1.4705],
            [0.86037,5.8304,-4.3997],
            "XYZ"
        ],
        "lPinky2" : [
            [0.068593,3.1096,-1.4604],
            [-2.263,6.1821,-3.951],
            "XYZ"
        ],
        "lPinky3" : [
            [0.072813,3.078,-1.4579],
            [-4.108,6.1882,-4.1878],
            "XYZ"
        ],
        "rCollar" : [
            [0.030528,0.00093279,1.5095],
            [0.053704,-3.5104,-1.7524],
            "XYZ"
        ],
        "rShldrBend" : [
            [1.5855,-1.6335,0.014706],
            [0.052798,1.6837,3.592],
            "XYZ"
        ],
        "rShldrTwist" : [
            [1.582,-1.6367,0.01123],
            [0.042367,1.2845,3.7781],
            "XYZ"
        ],
        "rForearmBend" : [
            [1.7178,-1.5611,0.14695],
            [-0.085377,16.84,-0.57677],
            "XZY"
        ],
        "rForearmTwist" : [
            [1.7171,-1.5594,0.14626],
            [-0.09947,16.765,-0.67504],
            "XZY"
        ],
        "rHand" : [
            [1.5795,-1.5554,0.0087461],
            [-0.0077183,1.0014,-0.88317],
            "XYZ"
        ],
        "rThumb1" : [
            [-2.7984,0.97681,-0.31121],
            [-17.035,54.199,18.781],
            "XZY"
        ],
        "rThumb2" : [
            [-2.574,0.86741,-0.50099],
            [-21.706,32.865,24.455],
            "XZY"
        ],
        "rThumb3" : [
            [-2.8095,0.80315,-0.53079],
            [-29.337,44.151,18.392],
            "XZY"
        ],