{
    "character" : "Victoria 8",
    "parent" : "Genesis 8 Female",
    "scale" : 1,
    "pose" : {
        "hip" : [
            [-1.5708,0,0],
            [0,0,0],
            "YZX"
        ],
        "pelvis" : [
            [-1.5708,0,0],
            [0,0,0],
            "YZX"
        ],
        "lThighBend" : [
            [-1.5623,-0.13817,0.085561],
            [1.1639,4.8555,7.9452],
            "YZX"
        ],
        "lThighTwist" : [
            [-1.5623,-0.13817,0.085561],
            [1.1639,4.8555,7.9452],
            "YZX"
        ],
        "lShin" : [
            [-1.5063,-0.14692,0.17168],
            [5.1504,9.7297,8.5415],
            "YZX"
        ],
        "lFoot" : [
            [-2.7982,-0.1531,0.27303],
            [22.121,15.456,9.1039],
            "ZYX"
        ],
        "lMetatarsals" : [
            [-2.777,-0.15197,0.25135],
            [23.119,14.232,8.9853],
            "ZYX"
        ],
        "lToe" : [
            [-2.924,-0.035925,0.32596],
            [13.165,18.664,2.1727],
            "ZYX"
        ],
        "lSmallToe4" : [
            [-2.6082,0.044456,0.27739],
            [29.835,15.877,-2.6483],
            "ZYX"
        ],
        "lSmallToe4_2" : [
            [-2.6082,0.044457,0.27739],
            [29.835,15.877,-2.6483],
            "ZYX"
        ],
        "lSmallToe3" : [
            [-2.646,-0.026049,0.32131],
            [28.894,18.403,1.5731],
            "ZYX"
        ],
        "lSmallToe3_2" : [
            [-2.646,-0.026053,0.32131],
            [28.894,18.403,1.5731],
            "ZYX"
        ],
        "lSmallToe2" : [
            [-2.684,-0.072495,0.30418],
            [27.518,17.381,4.3527],
            "ZYX"
        ],
        "lSmallToe2_2" : [
            [-2.684,-0.072495,0.30418],
            [27.518,17.381,4.3527],
            "ZYX"
        ],
        "lSmallToe1" : [
            [-2.7627,-0.074082,0.34935],
            [23.253,19.959,4.5163],
            "ZYX"
        ],
        "lSmallToe1_2" : [
            [-2.7627,-0.074082,0.34935],
            [23.253,19.959,4.5163],
            "ZYX"
        ],
        "lBigToe" : [
            [-2.8452,-0.074522,0.35562],
            [18.569,20.317,4.5537],
            "ZYX"
        ],
        "lBigToe_2" : [
            [-2.8452,-0.074522,0.35562],
            [18.569,20.317,4.5537],
            "ZYX"
        ],
        "rThighBend" : [
            [-1.5623,0.13817,-0.085561],
            [1.1639,-4.8555,-7.9452],
            "YZX"
        ],
        "rThighTwist" : [
            [-1.5623,0.13817,-0.085561],
            [1.1639,-4.8555,-7.9452],
            "YZX"
        ],
        "rShin" : [
            [-1.5063,0.14692,-0.17168],
            [5.1504,-9.7297,-8.5415],
            "YZX"
        ],
        "rFoot" : [
            [-2.7982,0.1531,-0.27303],
            [22.121,-15.456,-9.1039],
            "ZYX"
        ],
        "rMetatarsals" : [
            [-2.777,0.15197,-0.25135],
            [23.119,-14.232,-8.9853],
            "ZYX"
        ],
        "rToe" : [
            [-2.924,0.035925,-0.32596],
            [13.165,-18.664,-2.1727],
            "ZYX"
        ],
        "rSmallToe4" : [
            [-2.6082,-0.044456,-0.27739],
            [29.835,-15.877,2.6483],
            "ZYX"
        ],
        "rSmallToe4_2" : [
            [-2.6082,-0.044457,-0.27739],
            [29.835,-15.877,2.6483],
            "ZYX"
        ],
        "rSmallToe3" : [
            [-2.646,0.026049,-0.32131],
            [28.894,-18.403,-1.5731],
            "ZYX"
        ],
        "rSmallToe3_2" : [
            [-2.646,0.026053,-0.32131],
            [28.894,-18.403,-1.5731],
            "ZYX"
        ],
        "rSmallToe2" : [
            [-2.684,0.072495,-0.30418],
            [27.518,-17.381,-4.3527],
            "ZYX"
        ],
        "rSmallToe2_2" : [
            [-2.684,0.072495,-0.30418],
            [27.518,-17.381,-4.3527],
            "ZYX"
        ],
        "rSmallToe1" : [
            [-2.7627,0.074082,-0.34935],
            [23.253,-19.959,-4.5163],
            "ZYX"
        ],
        "rSmallToe1_2" : [
            [-2.7627,0.074082,-0.34935],
            [23.253,-19.959,-4.5163],
            "ZYX"
        ],
        "rBigToe" : [
            [-2.8452,0.074523,-0.35562],
            [18.569,-20.317,-4.5537],
            "ZYX"
        ],
        "rBigToe_2" : [
            [-2.8452,0.074523,-0.35562],
            [18.569,-20.317,-4.5537],
            "ZYX"
        ],
        "abdomenLower" : [
            [1.5708,0,0],
            [0,0,0],
            "YZX"
        ],
        "abdomenUpper" : [
            [1.5708,0,0],
            [0,0,0],
            "YZX"
        ],
        "chestLower" : [
            [1.5708,0,0],
            [0,0,0],
            "YZX"
        ],
        "chestUpper" : [
            [1.5708,0,0],
            [0,0,0],
            "YZX"
        ],
        "lCollar" : [
            [0.030527,-0.0009337,-1.5095],
            [0.053704,3.5104,1.7524],
            "XYZ"
        ],
        "lShldrBend" : [
            [1.572,2.4189,-0.028573],
            [1.228,-1.1531,-48.604],
            "XYZ"
        ],
        "lShldrTwist" : [
            [1.5653,2.4221,-0.028209],
            [1.2157,-0.7502,-48.781],
            "XYZ"
        ],
        "lForearmBend" : [
            [1.8369,2.3465,-0.028129],
            [1.1764,-16.393,-44.767],
            "XZY"
        ],
        "lForearmTwist" : [
            [1.8358,2.3449,-0.027859],
            [1.1626,-16.32,-44.667],
            "XZY"
        ],
        "lHand" : [
            [1.559,2.3408,-0.030216],
            [1.2051,-0.56428,-44.116],
            "XYZ"
        ],
        "lThumb1" : [
            [-2.5545,-0.21457,0.16255],
            [-15.367,-53.367,-65.109],
            "XZY"
        ],
        "lThumb2" : [
            [-2.2044,-0.14518,0.30702],
            [-20.635,-31.946,-70.011],
            "XZY"
        ],
        "lThumb3" : [
            [-2.4229,-0.09284,0.34962],
            [-27.961,-43.33,-64.326],
            "XZY"
        ],
        "lCarpal1" : [
            [-2.3,0.16422,1.3871],
            [1.719,-13.978,-49.299],
            "XYZ"
        ],
        "lIndex1" : [
            [-2.2632,0.084165,1.426],
            [3.3621,-8.9813,-50.944],
            "XYZ"
        ],
        "lIndex2" : [
            [-2.2508,0.054184,1.4943],
            [1.463,-5.1643,-51.222],
            "XYZ"
        ],
        "lIndex3" : [
            [-2.228,0.044111,1.5047],
            [1.459,-4.3108,-52.484],
            "XYZ"
        ],
        "lCarpal2" : [
            [-2.2892,0.058984,1.4872],
            [1.3923,-5.691,-49.051],
            "XYZ"
        ],
        "lMid1" : [
            [-2.3103,0.02598,1.5041],
            [1.8237,-3.6722,-47.74],
            "XYZ"
        ],
        "lMid2" : [
            [-2.2021,0.039418,1.5102],
            [1.4739,-3.87,-53.946],
            "XYZ"
        ],
        "lMid3" : [
            [-2.3209,-0.010781,1.5521],
            [1.2028,-0.27653,-47.019],
            "XYZ"
        ],
        "lCarpal3" : [
            [-2.2824,-0.031495,1.5718],
            [1.1372,1.4023,-49.218],
            "XYZ"
        ],
        "lRing1" : [
            [-2.2692,-0.061958,1.5841],
            [1.7018,3.2072,-49.961],
            "XYZ"
        ],
        "lRing2" : [
            [-2.2617,-0.072234,1.5508],
            [3.523,2.457,-50.299],
            "XYZ"
        ],
        "lRing3" : [
            [-2.2717,-0.034908,1.5748],
            [1.1156,1.6757,-49.831],
            "XYZ"
        ],
        "lCarpal4" : [
            [-2.2692,-0.14672,1.6775],
            [0.69556,10.357,-50.371],
            "XYZ"
        ],
        "lPinky1" : [
            [-2.2824,-0.10747,1.6166],
            [2.035,6.3759,-49.257],
            "XYZ"
        ],
        "lPinky2" : [
            [-2.2944,-0.07563,1.6625],
            [-1.0832,6.7184,-48.801],
            "XYZ"
        ],